epoch,time,train/giou_loss,train/cls_loss,train/l1_loss,metrics/precision(B),metrics/recall(B),metrics/mAP50(B),metrics/mAP50-95(B),val/giou_loss,val/cls_loss,val/l1_loss,lr/pg0,lr/pg1,lr/pg2
1,418.42,1.28447,0.41572,0.9043,0.88571,0.8912,0.91837,0.59844,0.38609,5.59793,0.07902,0.0001,3.33027e-05,3.33027e-05
2,805.804,0.47688,0.43778,0.09015,0.94837,0.94973,0.97509,0.71944,0.27893,7.32032,0.05497,9.96702e-05,6.63062e-05,6.63062e-05
3,1188.89,0.37028,0.39673,0.06276,0.96511,0.9736,0.99012,0.77302,0.238,5.88122,0.04592,9.90103e-05,9.89796e-05,9.89796e-05
4,1570.9,0.32288,0.37321,0.05237,0.96576,0.97704,0.98254,0.7958,0.2114,1.68037,0.04014,9.8515e-05,9.8515e-05,9.8515e-05
5,1951.98,0.29548,0.3529,0.04576,0.99094,0.99122,0.99383,0.82211,0.19473,1.46202,0.03615,9.802e-05,9.802e-05,9.802e-05
6,2333.58,0.27498,0.3342,0.04154,0.99085,0.99316,0.99377,0.8399,0.17776,3.42906,0.03277,9.7525e-05,9.7525e-05,9.7525e-05
7,2714.92,0.25778,0.32487,0.03786,0.99219,0.99358,0.99397,0.85125,0.16819,0.47462,0.03104,9.703e-05,9.703e-05,9.703e-05
8,3095.08,0.2429,0.31327,0.03468,0.9933,0.99533,0.99397,0.86156,0.15897,0.52651,0.02878,9.6535e-05,9.6535e-05,9.6535e-05
9,3476.78,0.23368,0.30396,0.03371,0.99476,0.99623,0.99414,0.87188,0.15006,0.79101,0.02715,9.604e-05,9.604e-05,9.604e-05
10,3857.48,0.22327,0.29716,0.03156,0.99587,0.99646,0.99437,0.87674,0.14512,0.28935,0.02641,9.5545e-05,9.5545e-05,9.5545e-05
11,4238.36,0.2152,0.29128,0.03025,0.99615,0.99609,0.99435,0.87568,0.14791,0.64826,0.02634,9.505e-05,9.505e-05,9.505e-05
12,4619.05,0.20985,0.28853,0.02915,0.99665,0.99657,0.99434,0.88605,0.13482,0.31863,0.02447,9.4555e-05,9.4555e-05,9.4555e-05
13,5000.7,0.20342,0.28068,0.02843,0.99776,0.99744,0.99446,0.89635,0.13011,0.30139,0.02319,9.406e-05,9.406e-05,9.406e-05
14,5382.4,0.1957,0.27546,0.02708,0.99717,0.99688,0.99449,0.90351,0.12415,0.84586,0.02232,9.3565e-05,9.3565e-05,9.3565e-05
15,5764.25,0.1903,0.26877,0.02631,0.99779,0.9975,0.99452,0.90882,0.12089,0.72343,0.02164,9.307e-05,9.307e-05,9.307e-05
16,6144.7,0.18355,0.26538,0.02507,0.99771,0.99776,0.9946,0.91254,0.11704,0.26826,0.02106,9.2575e-05,9.2575e-05,9.2575e-05
17,6523.09,0.17838,0.25989,0.02424,0.99769,0.99777,0.99458,0.92172,0.10984,0.41025,0.01996,9.208e-05,9.208e-05,9.208e-05
18,6903.89,0.17614,0.25955,0.02388,0.99704,0.9979,0.99453,0.92183,0.10833,0.35192,0.01918,9.1585e-05,9.1585e-05,9.1585e-05
19,7284.14,0.17106,0.25294,0.02311,0.99796,0.99773,0.99463,0.92968,0.10315,0.20692,0.01848,9.109e-05,9.109e-05,9.109e-05
20,7664.36,0.1678,0.24969,0.02265,0.99786,0.99803,0.9946,0.93329,0.1007,0.26462,0.01805,9.0595e-05,9.0595e-05,9.0595e-05
21,8045.82,0.16475,0.24718,0.02213,0.99758,0.99751,0.99464,0.93501,0.0987,0.25855,0.01767,9.01e-05,9.01e-05,9.01e-05
22,8424.77,0.16083,0.24388,0.02182,0.99765,0.99778,0.99461,0.93655,0.09918,0.24068,0.01763,8.9605e-05,8.9605e-05,8.9605e-05
23,8805.07,0.15844,0.2417,0.02115,0.9979,0.99807,0.99464,0.93776,0.09862,0.35679,0.01756,8.911e-05,8.911e-05,8.911e-05
24,9185.87,0.15509,0.24079,0.0206,0.99751,0.99801,0.9946,0.94312,0.09488,0.32347,0.01704,8.8615e-05,8.8615e-05,8.8615e-05
25,9566.6,0.15359,0.23804,0.02052,0.9979,0.99813,0.99463,0.94583,0.09189,0.75412,0.01653,8.812e-05,8.812e-05,8.812e-05
26,9947.62,0.15117,0.23687,0.02014,0.99814,0.9982,0.99467,0.94583,0.09164,0.20209,0.01629,8.7625e-05,8.7625e-05,8.7625e-05
27,10327.3,0.14877,0.23397,0.01962,0.99818,0.9982,0.99468,0.9516,0.08837,0.21336,0.01582,8.713e-05,8.713e-05,8.713e-05
28,10706.7,0.1453,0.22884,0.01933,0.99833,0.99823,0.99466,0.95199,0.08898,0.19484,0.01579,8.6635e-05,8.6635e-05,8.6635e-05
29,11087.8,0.14569,0.23005,0.01912,0.99802,0.99821,0.9946,0.95111,0.08835,0.19142,0.01561,8.614e-05,8.614e-05,8.614e-05
30,11468.8,0.1434,0.22634,0.01876,0.99843,0.99839,0.99466,0.9556,0.08683,0.19282,0.01542,8.5645e-05,8.5645e-05,8.5645e-05
31,11849.8,0.14016,0.2238,0.0183,0.99735,0.99824,0.99459,0.95748,0.08398,0.30781,0.01505,8.515e-05,8.515e-05,8.515e-05
32,12229.6,0.13627,0.21976,0.01802,0.99783,0.99748,0.9946,0.95502,0.08673,0.23142,0.01523,8.4655e-05,8.4655e-05,8.4655e-05
33,12611.4,0.13735,0.22158,0.0181,0.99816,0.99834,0.99464,0.95773,0.08504,0.19202,0.01505,8.416e-05,8.416e-05,8.416e-05
34,12992.5,0.13541,0.2201,0.01772,0.99784,0.99816,0.99459,0.95526,0.08366,0.20217,0.01479,8.3665e-05,8.3665e-05,8.3665e-05
35,13373.6,0.13906,0.22276,0.01827,0.99805,0.99841,0.99462,0.95772,0.08276,0.29673,0.0148,8.317e-05,8.317e-05,8.317e-05
36,13753.5,0.13308,0.21717,0.0172,0.9982,0.99805,0.99465,0.96087,0.08245,0.19437,0.01468,8.2675e-05,8.2675e-05,8.2675e-05
37,14133.6,0.1296,0.21385,0.0168,0.99807,0.99819,0.99464,0.96194,0.08202,0.33715,0.01454,8.218e-05,8.218e-05,8.218e-05
38,14515.4,0.13041,0.21468,0.01683,0.99823,0.99823,0.99462,0.96384,0.08004,0.46641,0.01418,8.1685e-05,8.1685e-05,8.1685e-05
39,14895.7,0.12672,0.21049,0.01637,0.9983,0.99833,0.99458,0.96638,0.0765,0.38348,0.01366,8.119e-05,8.119e-05,8.119e-05
40,15275.7,0.12583,0.20959,0.01614,0.99835,0.99822,0.99463,0.9635,0.07776,0.23287,0.01375,8.0695e-05,8.0695e-05,8.0695e-05
41,15655.8,0.12363,0.20819,0.01577,0.99832,0.99842,0.99458,0.96628,0.07555,0.22966,0.0133,8.02e-05,8.02e-05,8.02e-05
42,16035.9,0.1235,0.20729,0.01589,0.99856,0.99838,0.99467,0.96674,0.07543,0.21026,0.01343,7.9705e-05,7.9705e-05,7.9705e-05
43,16415.1,0.1207,0.20332,0.01564,0.99832,0.99826,0.99463,0.96809,0.07451,0.69176,0.01325,7.921e-05,7.921e-05,7.921e-05
44,16795.1,0.1227,0.20752,0.01568,0.99839,0.99849,0.99459,0.97049,0.07348,0.32674,0.01314,7.8715e-05,7.8715e-05,7.8715e-05
45,17175.7,0.11978,0.20538,0.01544,0.9984,0.99834,0.99461,0.96825,0.07469,0.25087,0.01309,7.822e-05,7.822e-05,7.822e-05
46,17555.6,0.11719,0.20215,0.01491,0.99857,0.99861,0.99464,0.97206,0.07156,0.19963,0.01265,7.7725e-05,7.7725e-05,7.7725e-05
47,17935.8,0.11427,0.19677,0.01461,0.99864,0.99845,0.99464,0.97358,0.06987,0.15533,0.0124,7.723e-05,7.723e-05,7.723e-05
48,18316.7,0.11366,0.19767,0.01459,0.99855,0.99864,0.99464,0.97474,0.06859,0.28028,0.01213,7.6735e-05,7.6735e-05,7.6735e-05
49,18697.3,0.11373,0.19646,0.01459,0.99859,0.99842,0.99462,0.9739,0.06872,0.17513,0.01229,7.624e-05,7.624e-05,7.624e-05
50,19078.1,0.11083,0.1932,0.01402,0.99869,0.99837,0.99461,0.97675,0.06654,0.15084,0.01177,7.5745e-05,7.5745e-05,7.5745e-05
51,19458.2,0.10964,0.19108,0.01395,0.99865,0.99849,0.99463,0.97658,0.06649,0.15652,0.01177,7.525e-05,7.525e-05,7.525e-05
52,19837.4,0.10841,0.18969,0.01383,0.99875,0.99849,0.99462,0.97654,0.06656,0.18052,0.01175,7.4755e-05,7.4755e-05,7.4755e-05
53,20218.4,0.10866,0.19074,0.01374,0.99883,0.99851,0.99465,0.97728,0.06561,0.1524,0.01158,7.426e-05,7.426e-05,7.426e-05
54,20598.6,0.11064,0.19277,0.01425,0.99875,0.9985,0.99464,0.97576,0.06779,0.15618,0.01206,7.3765e-05,7.3765e-05,7.3765e-05
55,20977.5,0.1083,0.19059,0.01372,0.99867,0.99865,0.99463,0.97735,0.06621,0.15113,0.01179,7.327e-05,7.327e-05,7.327e-05
56,21358.8,0.10923,0.19321,0.01364,0.99868,0.99863,0.99463,0.97774,0.06569,0.14783,0.01157,7.2775e-05,7.2775e-05,7.2775e-05
57,21738.8,0.10866,0.19054,0.01394,0.99868,0.99865,0.99463,0.97506,0.06768,0.15699,0.01191,7.228e-05,7.228e-05,7.228e-05
58,22117.8,0.10507,0.1861,0.01343,0.99865,0.99871,0.99465,0.97758,0.06568,0.1566,0.0115,7.1785e-05,7.1785e-05,7.1785e-05
59,22497.4,0.10566,0.18719,0.01346,0.99878,0.99852,0.99466,0.97985,0.06396,0.17633,0.01121,7.129e-05,7.129e-05,7.129e-05
60,22876.8,0.1045,0.18596,0.01316,0.99879,0.99857,0.99467,0.98014,0.06283,0.16299,0.011,7.0795e-05,7.0795e-05,7.0795e-05
61,23257.5,0.10347,0.18354,0.01309,0.99885,0.99851,0.99467,0.9816,0.0615,0.18103,0.01094,7.03e-05,7.03e-05,7.03e-05
62,23637.1,0.10253,0.18372,0.01295,0.99879,0.99848,0.99466,0.98126,0.06131,0.17525,0.01089,6.9805e-05,6.9805e-05,6.9805e-05
63,24016.2,0.10127,0.182,0.01268,0.99872,0.99843,0.99465,0.98142,0.06132,0.16705,0.0109,6.931e-05,6.931e-05,6.931e-05
64,24393.8,0.10049,0.18102,0.01265,0.99868,0.99848,0.99466,0.98203,0.06088,0.16057,0.01081,6.8815e-05,6.8815e-05,6.8815e-05
65,24773.9,0.0996,0.17954,0.01259,0.99855,0.99846,0.99466,0.98219,0.06041,0.15157,0.0107,6.832e-05,6.832e-05,6.832e-05
66,25153.4,0.10044,0.18235,0.01286,0.99845,0.99847,0.99468,0.98204,0.06093,0.14378,0.01071,6.7825e-05,6.7825e-05,6.7825e-05
67,25533.1,0.09809,0.17854,0.0125,0.99882,0.99849,0.99466,0.98269,0.05993,0.15069,0.01055,6.733e-05,6.733e-05,6.733e-05
68,25913.1,0.09755,0.17915,0.01226,0.9985,0.99798,0.99466,0.98325,0.05958,3.23691,0.0105,6.6835e-05,6.6835e-05,6.6835e-05
69,26293.3,0.10121,0.18211,0.01294,0.99846,0.99825,0.99464,0.98278,0.05964,2.03759,0.01051,6.634e-05,6.634e-05,6.634e-05
70,26674.4,0.09939,0.18007,0.01263,0.99877,0.99833,0.99467,0.983,0.05953,0.97779,0.01056,6.5845e-05,6.5845e-05,6.5845e-05
71,27053.2,0.10013,0.18119,0.01283,0.99878,0.99836,0.99464,0.98317,0.05928,0.61501,0.01053,6.535e-05,6.535e-05,6.535e-05
72,27432.5,0.09813,0.17814,0.01238,0.99882,0.99847,0.99466,0.98334,0.05948,0.30007,0.01058,6.4855e-05,6.4855e-05,6.4855e-05
73,27813,0.0968,0.17748,0.01207,0.99888,0.99855,0.99468,0.98353,0.05893,0.25725,0.0105,6.436e-05,6.436e-05,6.436e-05
74,28194.1,0.09471,0.17432,0.01188,0.99876,0.9987,0.99471,0.98451,0.05847,0.1911,0.01043,6.3865e-05,6.3865e-05,6.3865e-05
75,28573.8,0.0939,0.17296,0.01184,0.99875,0.99871,0.99474,0.98465,0.05758,0.15843,0.01022,6.337e-05,6.337e-05,6.337e-05
76,28954.9,0.09571,0.17487,0.01221,0.99863,0.9987,0.99474,0.98475,0.05742,0.17172,0.0102,6.2875e-05,6.2875e-05,6.2875e-05
77,29335.2,0.0928,0.17149,0.01167,0.9986,0.99866,0.99477,0.9853,0.05645,0.13476,0.01002,6.238e-05,6.238e-05,6.238e-05
78,29715.2,0.0927,0.17166,0.01166,0.99865,0.99864,0.99475,0.98524,0.05653,0.1363,0.01001,6.1885e-05,6.1885e-05,6.1885e-05
79,30095.7,0.09177,0.17036,0.01157,0.99873,0.99858,0.99478,0.98541,0.05588,0.14044,0.00992,6.139e-05,6.139e-05,6.139e-05
80,30475.5,0.09105,0.16878,0.01148,0.99878,0.99859,0.99475,0.98585,0.05527,0.14762,0.0098,6.0895e-05,6.0895e-05,6.0895e-05
81,30856.1,0.08994,0.16738,0.01129,0.99883,0.99858,0.99474,0.98595,0.05505,0.14296,0.00975,6.04e-05,6.04e-05,6.04e-05
82,31235.3,0.08953,0.16772,0.01113,0.99876,0.99876,0.99471,0.98596,0.05518,0.14229,0.00975,5.9905e-05,5.9905e-05,5.9905e-05
83,31615.4,0.08993,0.1678,0.01127,0.99881,0.99874,0.99471,0.98645,0.05462,0.14239,0.00965,5.941e-05,5.941e-05,5.941e-05
84,31994.5,0.09035,0.16904,0.01147,0.99879,0.9988,0.99471,0.98654,0.05415,0.1493,0.00958,5.8915e-05,5.8915e-05,5.8915e-05
85,32374.1,0.09038,0.16889,0.01135,0.99872,0.99882,0.9947,0.98654,0.05432,0.15153,0.00961,5.842e-05,5.842e-05,5.842e-05
86,32754.2,0.08933,0.16661,0.01126,0.99878,0.9988,0.99474,0.98658,0.05475,0.14726,0.00966,5.7925e-05,5.7925e-05,5.7925e-05
87,33134.2,0.08714,0.16402,0.01101,0.99872,0.99883,0.99476,0.98659,0.05478,0.13703,0.0097,5.743e-05,5.743e-05,5.743e-05
88,33515.1,0.08795,0.16526,0.01114,0.99874,0.99874,0.99474,0.98662,0.05446,0.13722,0.0096,5.6935e-05,5.6935e-05,5.6935e-05
89,33895.1,0.08708,0.16462,0.01095,0.99877,0.99867,0.99475,0.9867,0.05409,0.13467,0.00954,5.644e-05,5.644e-05,5.644e-05
90,34275.5,0.0866,0.16281,0.01095,0.99888,0.99859,0.99477,0.98717,0.05366,0.13687,0.00945,5.5945e-05,5.5945e-05,5.5945e-05
91,34656.6,0.08634,0.16298,0.01075,0.99879,0.99867,0.99478,0.98725,0.0533,0.14034,0.0094,5.545e-05,5.545e-05,5.545e-05
92,35035.9,0.08586,0.16266,0.01075,0.99889,0.99851,0.9948,0.98734,0.05289,0.13085,0.00933,5.4955e-05,5.4955e-05,5.4955e-05
93,35415.6,0.08559,0.1624,0.01064,0.99895,0.99855,0.99481,0.98779,0.05244,0.12702,0.00927,5.446e-05,5.446e-05,5.446e-05
94,35793.8,0.08403,0.15999,0.0106,0.9989,0.99854,0.9948,0.98784,0.05208,0.12445,0.00922,5.3965e-05,5.3965e-05,5.3965e-05
95,36175,0.08446,0.16122,0.01046,0.99889,0.99854,0.99482,0.98831,0.05166,0.12435,0.00913,5.347e-05,5.347e-05,5.347e-05
96,36553.8,0.08237,0.15835,0.01017,0.9989,0.99859,0.99482,0.98837,0.05129,0.12391,0.00907,5.2975e-05,5.2975e-05,5.2975e-05
97,36934.1,0.0826,0.1587,0.01025,0.99888,0.99861,0.99481,0.98841,0.05097,0.12278,0.009,5.248e-05,5.248e-05,5.248e-05
98,37315,0.08266,0.15821,0.01054,0.99888,0.99859,0.99482,0.98845,0.05074,0.12467,0.00895,5.1985e-05,5.1985e-05,5.1985e-05
99,37694.9,0.08425,0.16124,0.01061,0.99888,0.99856,0.99484,0.98848,0.0505,0.12971,0.00892,5.149e-05,5.149e-05,5.149e-05
100,38077.1,0.0831,0.1591,0.01043,0.99887,0.9986,0.99486,0.98853,0.05055,0.13277,0.00896,5.0995e-05,5.0995e-05,5.0995e-05
101,38457,0.0807,0.15536,0.0101,0.99888,0.9986,0.99486,0.98855,0.05046,0.13411,0.00897,5.05e-05,5.05e-05,5.05e-05
102,38837.1,0.07938,0.15383,0.00998,0.99884,0.99867,0.99487,0.98859,0.05033,0.13182,0.00894,5.0005e-05,5.0005e-05,5.0005e-05
103,39216.2,0.08002,0.15511,0.01001,0.99882,0.9987,0.99488,0.98861,0.05015,0.12964,0.00891,4.951e-05,4.951e-05,4.951e-05
104,39595.4,0.07968,0.15501,0.00992,0.99882,0.9987,0.99487,0.98862,0.0501,0.12828,0.0089,4.9015e-05,4.9015e-05,4.9015e-05
105,39976.3,0.0801,0.15447,0.00997,0.99883,0.99871,0.99487,0.98903,0.04994,0.12666,0.00886,4.852e-05,4.852e-05,4.852e-05
106,40356.8,0.07912,0.15338,0.00982,0.99879,0.99874,0.99485,0.98904,0.04984,0.12497,0.00884,4.8025e-05,4.8025e-05,4.8025e-05
107,40738,0.0773,0.15086,0.00957,0.99883,0.99871,0.99486,0.98909,0.04952,0.12401,0.00879,4.753e-05,4.753e-05,4.753e-05
108,41118.4,0.0781,0.1514,0.00962,0.99882,0.99872,0.99485,0.9895,0.04931,0.12347,0.00875,4.7035e-05,4.7035e-05,4.7035e-05
109,41498.3,0.0786,0.15322,0.00987,0.99882,0.99873,0.99486,0.98953,0.0492,0.12208,0.00871,4.654e-05,4.654e-05,4.654e-05
110,41877.7,0.08036,0.15561,0.01005,0.9988,0.99872,0.99485,0.98953,0.04915,0.12175,0.0087,4.6045e-05,4.6045e-05,4.6045e-05
111,42257,0.07967,0.15442,0.01003,0.99875,0.99876,0.99487,0.98956,0.04903,0.121,0.00868,4.555e-05,4.555e-05,4.555e-05
112,42636.5,0.07907,0.15303,0.01008,0.99871,0.99877,0.99488,0.98959,0.04893,0.12053,0.00868,4.5055e-05,4.5055e-05,4.5055e-05
113,43017.1,0.07796,0.15213,0.00972,0.99873,0.99876,0.99487,0.9896,0.04891,0.12038,0.00867,4.456e-05,4.456e-05,4.456e-05
114,43397.8,0.07833,0.15272,0.00972,0.99877,0.99872,0.99488,0.98961,0.04889,0.12023,0.00867,4.4065e-05,4.4065e-05,4.4065e-05
115,43776,0.07749,0.15166,0.00976,0.99877,0.99867,0.99488,0.98962,0.0488,0.11997,0.00865,4.357e-05,4.357e-05,4.357e-05
116,44155.8,0.07858,0.15292,0.00992,0.99872,0.99869,0.9949,0.98965,0.04874,0.11947,0.00863,4.3075e-05,4.3075e-05,4.3075e-05
117,44536.5,0.07753,0.15173,0.00974,0.99878,0.99868,0.99491,0.98968,0.04864,0.11929,0.00862,4.258e-05,4.258e-05,4.258e-05
118,44915.8,0.07695,0.15095,0.00968,0.99868,0.99875,0.99491,0.98969,0.04857,0.11885,0.00861,4.2085e-05,4.2085e-05,4.2085e-05
119,45294.6,0.07549,0.14845,0.00941,0.99868,0.99876,0.99491,0.9897,0.04846,0.11858,0.00858,4.159e-05,4.159e-05,4.159e-05
120,45674.5,0.07539,0.14944,0.00947,0.99869,0.99877,0.99491,0.98971,0.04839,0.11797,0.00856,4.1095e-05,4.1095e-05,4.1095e-05
121,46053.1,0.07412,0.14673,0.00933,0.99871,0.99878,0.99492,0.98972,0.04836,0.11734,0.00854,4.06e-05,4.06e-05,4.06e-05
122,46431.6,0.07575,0.14839,0.00952,0.99867,0.99876,0.99492,0.98973,0.04828,0.11702,0.00852,4.0105e-05,4.0105e-05,4.0105e-05
123,46812.4,0.07544,0.1489,0.00929,0.99867,0.99879,0.99491,0.98974,0.04816,0.11634,0.0085,3.961e-05,3.961e-05,3.961e-05
124,47192.2,0.07457,0.14751,0.00922,0.99866,0.9988,0.99492,0.98976,0.04809,0.11615,0.00848,3.9115e-05,3.9115e-05,3.9115e-05
125,47571.4,0.07324,0.1457,0.00896,0.99868,0.99879,0.99492,0.99005,0.04801,0.11577,0.00846,3.862e-05,3.862e-05,3.862e-05
126,47951.6,0.07277,0.14463,0.00891,0.99887,0.99857,0.99492,0.99017,0.04794,0.11536,0.00845,3.8125e-05,3.8125e-05,3.8125e-05
127,48332,0.07285,0.14526,0.00891,0.99884,0.99858,0.99492,0.99017,0.04786,0.11498,0.00843,3.763e-05,3.763e-05,3.763e-05
128,48711.6,0.0728,0.1447,0.00912,0.99876,0.99867,0.99492,0.99019,0.04779,0.11473,0.00843,3.7135e-05,3.7135e-05,3.7135e-05
129,49090.7,0.0734,0.14581,0.00906,0.99867,0.99878,0.99492,0.9902,0.04768,0.1146,0.0084,3.664e-05,3.664e-05,3.664e-05
130,49472.6,0.07275,0.1444,0.00909,0.99878,0.99861,0.99492,0.99021,0.04757,0.11442,0.00838,3.6145e-05,3.6145e-05,3.6145e-05
131,49852.5,0.0726,0.14548,0.00886,0.99873,0.99872,0.99492,0.99021,0.04748,0.11412,0.00836,3.565e-05,3.565e-05,3.565e-05
132,50232.2,0.07332,0.14599,0.00911,0.99874,0.99874,0.99493,0.99023,0.04742,0.11387,0.00834,3.5155e-05,3.5155e-05,3.5155e-05
133,50612.6,0.07324,0.14582,0.00892,0.99874,0.99873,0.99492,0.99023,0.04736,0.11377,0.00833,3.466e-05,3.466e-05,3.466e-05
134,50993.9,0.07311,0.1454,0.00886,0.99873,0.99871,0.99492,0.99024,0.04725,0.1135,0.00831,3.4165e-05,3.4165e-05,3.4165e-05
135,51372.8,0.07122,0.1422,0.00885,0.99881,0.99862,0.99493,0.99026,0.04719,0.11327,0.0083,3.367e-05,3.367e-05,3.367e-05
136,51750.1,0.07168,0.14322,0.00895,0.99875,0.99872,0.99493,0.99026,0.0471,0.11317,0.00826,3.3175e-05,3.3175e-05,3.3175e-05
137,52130.5,0.07051,0.14111,0.0087,0.99874,0.99875,0.99492,0.99026,0.04705,0.11297,0.00826,3.268e-05,3.268e-05,3.268e-05
138,52510.7,0.07166,0.14357,0.00882,0.99877,0.99872,0.99493,0.99027,0.04695,0.11273,0.00823,3.2185e-05,3.2185e-05,3.2185e-05
139,52892.8,0.07072,0.14148,0.00869,0.99876,0.99875,0.99493,0.99027,0.0469,0.1125,0.00822,3.169e-05,3.169e-05,3.169e-05
140,53271.5,0.0705,0.14077,0.00873,0.99877,0.99873,0.99493,0.99029,0.04683,0.11241,0.00821,3.1195e-05,3.1195e-05,3.1195e-05
141,53649.5,0.06929,0.13967,0.00859,0.99871,0.99876,0.99493,0.99029,0.04677,0.1123,0.00819,3.07e-05,3.07e-05,3.07e-05
142,54027.6,0.06913,0.13873,0.00854,0.99879,0.99872,0.99493,0.9903,0.04671,0.11205,0.00818,3.0205e-05,3.0205e-05,3.0205e-05
143,54408,0.06881,0.13872,0.00853,0.99877,0.99872,0.99493,0.99031,0.04664,0.11193,0.00817,2.971e-05,2.971e-05,2.971e-05
144,54788.1,0.06918,0.13897,0.00855,0.99877,0.99872,0.99493,0.99031,0.04658,0.11168,0.00816,2.9215e-05,2.9215e-05,2.9215e-05
145,55168.5,0.06792,0.13779,0.00836,0.99877,0.99872,0.99493,0.99031,0.0465,0.11145,0.00814,2.872e-05,2.872e-05,2.872e-05
146,55550.3,0.06905,0.13912,0.00838,0.99877,0.99872,0.99493,0.99032,0.04642,0.11127,0.00813,2.8225e-05,2.8225e-05,2.8225e-05
147,55930.2,0.06871,0.1386,0.00841,0.99877,0.99871,0.99493,0.99033,0.04636,0.1111,0.00812,2.773e-05,2.773e-05,2.773e-05
148,56310.3,0.06823,0.13781,0.00838,0.99877,0.99871,0.99493,0.99034,0.0463,0.11098,0.0081,2.7235e-05,2.7235e-05,2.7235e-05
149,56689.5,0.06826,0.13781,0.00854,0.99877,0.99873,0.99493,0.99035,0.04623,0.1108,0.00809,2.674e-05,2.674e-05,2.674e-05
150,57069,0.06689,0.1363,0.00817,0.99876,0.99872,0.99493,0.99036,0.04615,0.11063,0.00807,2.6245e-05,2.6245e-05,2.6245e-05
151,57448.6,0.06742,0.13653,0.00831,0.99878,0.9987,0.99493,0.99037,0.0461,0.11045,0.00806,2.575e-05,2.575e-05,2.575e-05
152,57828,0.0667,0.13578,0.00812,0.99876,0.9987,0.99492,0.99037,0.04605,0.1103,0.00805,2.5255e-05,2.5255e-05,2.5255e-05
153,58207.2,0.06695,0.13615,0.00825,0.99878,0.9987,0.99493,0.99039,0.04596,0.11019,0.00803,2.476e-05,2.476e-05,2.476e-05
154,58586.3,0.06597,0.13508,0.00801,0.99876,0.99874,0.99494,0.9904,0.04588,0.11004,0.00802,2.4265e-05,2.4265e-05,2.4265e-05
155,58966.2,0.0669,0.13588,0.00822,0.99876,0.99875,0.99493,0.9904,0.0458,0.10988,0.008,2.377e-05,2.377e-05,2.377e-05
156,59346.8,0.06605,0.13491,0.00806,0.99878,0.9987,0.99494,0.99041,0.04576,0.10981,0.00799,2.3275e-05,2.3275e-05,2.3275e-05
157,59728.2,0.06588,0.13415,0.0079,0.99875,0.99871,0.99494,0.99042,0.0457,0.10975,0.00798,2.278e-05,2.278e-05,2.278e-05
158,60108.6,0.06563,0.13372,0.00804,0.99877,0.99874,0.99493,0.99043,0.04564,0.10967,0.00797,2.2285e-05,2.2285e-05,2.2285e-05
159,60488.1,0.0651,0.1336,0.00794,0.99875,0.99877,0.99494,0.99043,0.04558,0.10958,0.00796,2.179e-05,2.179e-05,2.179e-05
160,60867.9,0.06599,0.13502,0.00809,0.99876,0.99876,0.99494,0.99044,0.04551,0.10945,0.00794,2.1295e-05,2.1295e-05,2.1295e-05
161,61247.8,0.06467,0.13276,0.00795,0.99877,0.99876,0.99494,0.99045,0.04546,0.10934,0.00793,2.08e-05,2.08e-05,2.08e-05
162,61628.4,0.06406,0.13257,0.00776,0.99876,0.99876,0.99494,0.99083,0.0454,0.10927,0.00792,2.0305e-05,2.0305e-05,2.0305e-05
163,62007.8,0.0649,0.13323,0.00792,0.99878,0.99873,0.99494,0.99084,0.04534,0.10916,0.00791,1.981e-05,1.981e-05,1.981e-05
164,62387.8,0.06424,0.13192,0.0079,0.99876,0.99877,0.99493,0.99084,0.04527,0.10905,0.0079,1.9315e-05,1.9315e-05,1.9315e-05
165,62766.5,0.06439,0.13214,0.00803,0.99878,0.99875,0.99494,0.99086,0.04521,0.1089,0.00788,1.882e-05,1.882e-05,1.882e-05
166,63147.3,0.06451,0.13282,0.00786,0.99878,0.99875,0.99494,0.99087,0.04517,0.10862,0.00789,1.8325e-05,1.8325e-05,1.8325e-05
167,63527.6,0.06375,0.13114,0.00775,0.99874,0.99879,0.99494,0.99087,0.04511,0.10844,0.00788,1.783e-05,1.783e-05,1.783e-05
168,63908,0.064,0.13169,0.00774,0.99879,0.99875,0.99494,0.99088,0.04504,0.10831,0.00787,1.7335e-05,1.7335e-05,1.7335e-05
169,64288.1,0.06315,0.13055,0.00771,0.99878,0.99875,0.99493,0.99088,0.04498,0.10817,0.00786,1.684e-05,1.684e-05,1.684e-05
170,64668.5,0.0629,0.12985,0.00766,0.99879,0.99873,0.99494,0.99089,0.0449,0.10811,0.00783,1.6345e-05,1.6345e-05,1.6345e-05
171,65048.6,0.06308,0.13007,0.00764,0.99879,0.99873,0.99493,0.99089,0.04483,0.108,0.00781,1.585e-05,1.585e-05,1.585e-05
172,65428.5,0.06253,0.1296,0.00764,0.99877,0.99876,0.99493,0.9909,0.04478,0.10789,0.00781,1.5355e-05,1.5355e-05,1.5355e-05
173,65807.2,0.06271,0.12974,0.00768,0.99874,0.99876,0.99494,0.9909,0.04473,0.10781,0.00779,1.486e-05,1.486e-05,1.486e-05
174,66186.9,0.06223,0.12964,0.00757,0.99877,0.99876,0.99494,0.99091,0.04465,0.10763,0.00778,1.4365e-05,1.4365e-05,1.4365e-05
175,66566,0.062,0.1287,0.00761,0.9988,0.99873,0.99494,0.99092,0.04459,0.10746,0.00777,1.387e-05,1.387e-05,1.387e-05
176,66943.8,0.06225,0.12897,0.00764,0.9988,0.99873,0.99493,0.99092,0.04453,0.10742,0.00776,1.3375e-05,1.3375e-05,1.3375e-05
177,67324.2,0.06203,0.12922,0.00751,0.9988,0.99871,0.99494,0.99093,0.04445,0.10728,0.00775,1.288e-05,1.288e-05,1.288e-05
178,67704.3,0.06228,0.12892,0.00758,0.99879,0.99873,0.99494,0.99094,0.0444,0.10714,0.00774,1.2385e-05,1.2385e-05,1.2385e-05
179,68083.8,0.06139,0.12773,0.0075,0.9988,0.99873,0.99494,0.99094,0.04435,0.10702,0.00773,1.189e-05,1.189e-05,1.189e-05
180,68464.3,0.06164,0.12751,0.00759,0.99879,0.99872,0.99494,0.99095,0.04429,0.10692,0.00772,1.1395e-05,1.1395e-05,1.1395e-05
181,68844.4,0.06201,0.12823,0.00755,0.99878,0.99873,0.99493,0.99094,0.04423,0.10681,0.0077,1.09e-05,1.09e-05,1.09e-05
182,69223.8,0.06185,0.12837,0.00747,0.99878,0.99872,0.99494,0.99097,0.04417,0.10668,0.00769,1.0405e-05,1.0405e-05,1.0405e-05
183,69603.7,0.06058,0.12649,0.00731,0.99879,0.99872,0.99494,0.99097,0.04409,0.10654,0.00768,9.91e-06,9.91e-06,9.91e-06
184,69982.5,0.06045,0.12614,0.00737,0.99879,0.99873,0.99494,0.99097,0.04399,0.10653,0.00765,9.415e-06,9.415e-06,9.415e-06
185,70362.3,0.06108,0.1272,0.00737,0.99878,0.99874,0.99494,0.99098,0.04398,0.10642,0.00766,8.92e-06,8.92e-06,8.92e-06
186,70741.8,0.06098,0.12673,0.00737,0.99878,0.99871,0.99493,0.99098,0.04391,0.10634,0.00765,8.425e-06,8.425e-06,8.425e-06
187,71121.5,0.06055,0.12576,0.00734,0.99879,0.99872,0.99494,0.99099,0.04387,0.10622,0.00764,7.93e-06,7.93e-06,7.93e-06
188,71501.3,0.06062,0.12618,0.00738,0.99879,0.99872,0.99494,0.99099,0.04382,0.10615,0.00762,7.435e-06,7.435e-06,7.435e-06
189,71879.8,0.06014,0.12565,0.00737,0.9988,0.99871,0.99493,0.99099,0.04375,0.10602,0.00761,6.94e-06,6.94e-06,6.94e-06
190,72258.8,0.06051,0.12637,0.00736,0.99879,0.99873,0.99494,0.99101,0.0437,0.10592,0.0076,6.445e-06,6.445e-06,6.445e-06
191,72611.4,0.04744,0.10811,0.00715,0.99878,0.99872,0.99494,0.99101,0.04361,0.1058,0.00758,5.95e-06,5.95e-06,5.95e-06
192,72963,0.04625,0.10583,0.00684,0.99878,0.99873,0.99494,0.99115,0.04353,0.1057,0.00757,5.455e-06,5.455e-06,5.455e-06
193,73314.5,0.0458,0.10463,0.00687,0.99879,0.99871,0.99494,0.99123,0.04347,0.10559,0.00755,4.96e-06,4.96e-06,4.96e-06
194,73665.8,0.04538,0.1042,0.00672,0.99879,0.99872,0.99494,0.99143,0.04339,0.10543,0.00754,4.465e-06,4.465e-06,4.465e-06
195,74017.3,0.04488,0.10334,0.00666,0.99878,0.99871,0.99494,0.99144,0.04332,0.10525,0.00753,3.97e-06,3.97e-06,3.97e-06
196,74368.7,0.04465,0.10289,0.00656,0.99876,0.9987,0.99494,0.99144,0.04325,0.10513,0.00751,3.475e-06,3.475e-06,3.475e-06
197,74720,0.04452,0.10279,0.00652,0.99879,0.9987,0.99494,0.99144,0.04319,0.10498,0.0075,2.98e-06,2.98e-06,2.98e-06
198,75072.1,0.04438,0.10242,0.00654,0.99879,0.9987,0.99494,0.99145,0.04311,0.10485,0.00749,2.485e-06,2.485e-06,2.485e-06
199,75424.3,0.04427,0.1021,0.00651,0.99876,0.99873,0.99494,0.99146,0.04305,0.10473,0.00748,1.99e-06,1.99e-06,1.99e-06
200,75776.1,0.04415,0.10194,0.00639,0.99877,0.99871,0.99494,0.99146,0.04298,0.10456,0.00746,1.495e-06,1.495e-06,1.495e-06
